{
  "currentUSDT": 28.23208558426462,
  "hedgeTrade": {
    "entryTime": 1774852289417,
    "proportion": 0.5,
    "amount": 0.84,
    "usdtBefore": 28.310629784264624,
    "sideOpened": {
      "long": true,
      "short": true
    },
    "longEntry": 83.5,
    "shortEntry": 83.5,
    "rsiTouched": null,
    "winnerClosed": null,
    "winnerPnL": 0,
    "maxLongPnL": 0.1348384439205741,
    "maxShortPnL": 0.13483844392057645
  },
  "cooldownUntil": 1774824623633
}