{
  "currentUSDT": 28.881319299999998,
  "hedgeTrade": {
    "entryTime": 1774717006919,
    "proportion": 0.5,
    "amount": 0.86,
    "usdtBefore": 28.9617336,
    "sideOpened": {
      "long": true,
      "short": true
    },
    "longEntry": 83.51,
    "shortEntry": 83.51,
    "rsiTouched": null,
    "winnerClosed": null,
    "winnerPnL": 0,
    "maxLongPnL": 0.033880210035322246,
    "maxShortPnL": 0.02521007065082482
  },
  "cooldownUntil": 0
}