{
  "currentUSDT": 29.534383784264612,
  "hedgeTrade": {
    "entryTime": 1774717006919,
    "proportion": 0.5,
    "amount": 0.86,
    "usdtBefore": 28.9617336,
    "sideOpened": {
      "long": true,
      "short": false
    },
    "longEntry": 83.51,
    "shortEntry": 83.51,
    "rsiTouched": "oversold",
    "winnerClosed": "short",
    "winnerPnL": 1.369081675249074,
    "maxLongPnL": 0.033880210035322246,
    "maxShortPnL": 1.5424844629391732
  },
  "cooldownUntil": 0
}