{
  "currentUSDT": 28.168068334264632,
  "hedgeTrade": {
    "entryTime": 1774900904220,
    "proportion": 0.5,
    "amount": 0.85,
    "usdtBefore": 28.332360584264624,
    "sideOpened": {
      "long": true,
      "short": false
    },
    "longEntry": 82.4,
    "shortEntry": 82.4,
    "rsiTouched": "oversold",
    "winnerClosed": "short",
    "winnerPnL": 0.5494742252422271,
    "maxLongPnL": 1.856063669662179,
    "maxShortPnL": 0.6870099562338001,
    "winnerClosedTime": 1774949401796
  },
  "cooldownUntil": 1774824623633
}