{
  "currentUSDT": 28.373060984264633,
  "hedgeTrade": {
    "entryTime": 1774824674087,
    "proportion": 0.5,
    "amount": 0.87,
    "usdtBefore": 27.982918184264626,
    "sideOpened": {
      "long": false,
      "short": true
    },
    "longEntry": 79.53,
    "shortEntry": 79.53,
    "rsiTouched": "overbought",
    "winnerClosed": "long",
    "winnerPnL": 3.975591801732588,
    "winnerClosedTime": 1774847706000,
    "maxLongPnL": 3.9931844825978255,
    "maxShortPnL": 0
  },
  "cooldownUntil": 1774824623633
}
