{
  "currentUSDT": 27.51278208426462,
  "hedgeTrade": {
    "entryTime": 1774951123873,
    "proportion": 0.5,
    "amount": 0.85,
    "usdtBefore": 27.589617834264626,
    "sideOpened": {
      "long": true,
      "short": true
    },
    "longEntry": 80.39,
    "shortEntry": 80.39,
    "rsiTouched": "oversold",
    "winnerClosed": null,
    "winnerPnL": 0,
    "maxLongPnL": 0.4113946876535262,
    "maxShortPnL": 0.0252979086567997
  },
  "cooldownUntil": 1774951123257
}